{
    "loss": 25.934741973876953,
    "accuracy": 0.13432836532592773
}