{
    "loss": 1.577382206916809,
    "accuracy": 0.48507463932037354
}