{
    "loss": 0.8276643753051758,
    "accuracy": 0.7164179086685181
}