{
    "loss": 28.99997901916504,
    "accuracy": 0.2985074520111084
}